{"cameraMode":{"drawMode":0,"name":"Shaded","section":"Shading Mode"},"sceneLighting":true,"audioPlay":false,"sceneViewState":{"showFog":true,"showMaterialUpdate":true,"showSkybox":true,"showFlares":true,"showImageEffects":true,"showParticleSystems":true},"in2DMode":false,"pivot":{"x":-6.793409824371338,"y":-9.615726470947266,"z":-9.544778823852539},"rotation":{"x":0.10632588714361191,"y":-0.8925861716270447,"z":0.33327439427375796,"w":0.28516992926597597},"size":12.60750675201416,"orthographic":false}